id,priority,area,title,evidence,recommendation,acceptance,source,effort,owner,status
A01,P1,إدارة المحتوى,الصفحات الأساسية لا تُدار من الداشبورد,ContentOwnershipPage يصرّح بأن النصوص والترتيب وFAQ وSEO والتمويل داخل الكود؛ صفحات الباثوايز والسيكتورز تؤكد ذلك.,ربط قوالب صفحات محددة بـ CMS مع حقول مفهومة، ترتيب، إظهار/إخفاء، ومعاينة قبل النشر.,المحرر يعدّل نصًا وصورة وترتيب سيكشن ويعاينها ثم ينشرها دون تعديل كود.,frontend/src/dashboard/pages/ContentOwnershipPage.tsx,كبير,Backend + Frontend,مفتوح — تقرير مراجعة
A02,P1,إدارة الصور,صورة هيرو القطاع منفصلة عن تحكم السيكتورز,SectorsPage يعد بتغيير صورة صفحة القطاع؛ الصفحات الأربع تستخدم ملفات ثابتة ولا تجلب Sector API. هذا انقطاع نتج مع إعادة بناء الصفحات الأخيرة.,إعادة ربط صورة الهيرو بسجل القطاع، مع fallback محلي وحقول focal point وalt.,تغيير صورة القطاع من الداشبورد يظهر في الكارت والصفحة وفق حقول منفصلة واضحة.,frontend/src/dashboard/pages/SectorsPage.tsx,صغير,Frontend,مفتوح — تقرير مراجعة
A03,P1,منطق البرامج,حقائق البرامج موزعة في عدة مصادر,ProgrammeCards وProfessionalPathwaysSection وpathwayData وSectorPathwayChoice والصفحات المستقلة تحتفظ بنسخ منفصلة من المسارات والكريدتس والاعتراف المهني.,إنشاء Programme/Pathway/Module كمرجع موحد للحقائق، مع تاريخ سريان واعتماد تحريري.,تغيير حقيقة برنامج مرة واحدة يحدّث كل البطاقات والمقارنات والصفحات؛ اختبار يمنع اختلاف الكريدتس.,frontend/src/components/feature/SectorPathwayChoice.tsx,كبير,Business + Backend,مفتوح — تقرير مراجعة
A04,P1,هوية وصياغة,إزالة Kent لم تكتمل على مستوى الموقع,رصد ساكن لـ 102 إشارة في 27 ملف TSX، يتضمن ملفات مستخدمة وأخرى مشتركة/قديمة؛ checkerData وuseEnquirySubmission يحتويان إشارات إضافية في TS.,مراجعة كل النصوص والرسائل والميتا والروابط، مع فصل النص المستورد من Eventbrite عن هوية الكلية.,لا يظهر اسم أو بريد Kent في رحلات الكلية وأخطاء النماذج إلا إذا كان مصدر حدث معروضًا بوضوح وقرار تحريري.,frontend/src/hooks/useEnquirySubmission.ts,متوسط,Content + Frontend,مفتوح — تقرير مراجعة
A05,P1,ترتيب وأولوية,صفحات طويلة قبل الوصول لقرار,"Chartered: 22,434px دسكتوب و45,621px موبايل؛ الرئيسية 16,294px و30,255px في قياس 1000px ارتفاعًا. الأرقام لقطات وليست مقياس أداء.",إعادة ترتيب القصة: ملاءمة الدور ثم القيمة ثم مقارنة المسار ثم أدلة التطبيق ثم الوصول، ونقل التفاصيل إلى accordion مرتبط.,المستخدم يحدد ملاءمة المسار والإجراء التالي مبكرًا؛ التفاصيل الكاملة متاحة دون سيل كروت مفتوحة.,frontend/src/pages/chartered-pmo-pathway/page.tsx,كبير,UX + Content,مفتوح — تقرير مراجعة
A06,P1,تخطيط,تكرار كروت داخل كروت يضعف التدرج,قالب الموديولات في Strategic وChartered يعرض مقدمة ثم صناديق curriculum/outcomes/evidence متكررة؛ التحويل من المصدر حافظ على النص أكثر من جودة السرد البصري.,قالب موديول واحد: عنوان مختصر، 3 نتائج، عينة دليل بصري، ثم تفاصيل قابلة للفتح؛ إزالة أغلفة الكروت غير اللازمة.,كل موديول له نقطة بصرية واحدة واضحة؛ لا تزيد طبقات الكروت عن طبقتين في الحالات الضرورية.,frontend/src/pages/strategic-pcp/page.tsx,متوسط,Design + Frontend,مفتوح — تقرير مراجعة
A07,P1,إمكانية الوصول,حركة IPC تتجاوز تفضيل تقليل الحركة,index.css يعيد animation-duration وinfinite على IPC بعد prefers-reduced-motion؛ الفحص المركّز لم يجد زر إيقاف داخل القسم.,إضافة Pause/Resume واحترام reduced-motion. تعديل تفضيل الحركة السابق مع الحفاظ على العرض المرئي.,توقف تلقائي مع reduced-motion، وزر يعمل بالكيبورد للحركة العادية.,frontend/src/index.css:621,صغير,Frontend,مفتوح — تقرير مراجعة
A08,P1,حماية النماذج,الاستفسارات العامة بلا throttle ظاهر في التطبيق,create_enquiry مفتوح AllowAny؛ لا throttle محلي أو عام في إعدادات DRF المقروءة. honeypot في الواجهة لا يمنع طلبات API المباشرة.,إضافة rate limiting على الخادم، تحقق أحجام ومدخلات، ومنع تكرار منطقي؛ مراجعة حماية البوابة إن وجدت.,اختبار إرسال متكرر على بيئة اختبار ينتج 429 ولا ينشئ سجلات زائدة.,backend/apps/content/views.py:112,متوسط,Backend,مفتوح — تقرير مراجعة
A09,P2,مساحات وتنسيق,لا يوجد نظام واضح لكثافة السكاشن,تفاوت العناوين وpadding والبطاقات يجعل وحدات عديدة متساوية الوزن؛ لا توجد سياسة واحدة للـ hero/section/compact/content.,اعتماد 3 مستويات للمساحة وكثافة النص، مع إيقاع متعمد بدل زيادة الفراغ في كل سكشن.,مراجعة 3 صفحات مرجعية تعطي مسافات وعناوين ومحاذاة موحدة قبل التعميم.,frontend/src/pages/operational-pcp-energy/page.tsx,متوسط,Design,مفتوح — تقرير مراجعة
A10,P2,صور,المحتوى البصري قليل داخل الصفحات الجديدة,صفحات القطاعات الجديدة غالبًا صورة هيرو فقط؛ صورة construction وengineering متطابقة بايتًا. كثير من الموديولات نصوص دون عينة عمل.,خطة صور قطاعية وعينات Gantt/EVM/risk/decision packs؛ اختيار صور تخدم موضوع السيكشن.,كل عائلة صفحات تحتوي صورة سياقية وعينة مخرج عملي على الأقل، من دون صور زخرفية مكررة.,frontend/public/images/construction-sector-hero.webp,متوسط,Content + Design,مفتوح — تقرير مراجعة
A11,P2,صور المقالات,أغلفة المقالات لا تشرح موضوعاتها جيدًا,المقالات العشر الحالية تعتمد روابط readdy.ai وغالبية الأوصاف غرف مكتبة/اجتماعات متقاربة بصريًا.,أغلفة خاصة بالموضوع، صور محلية/مكتبة وسائط، رسم مقارن للمقارنات ودليل بصري للتمويل.,القارئ يميز موضوع المقال بصريًا؛ لا تعتمد الصورة الأساسية على رابط توليد خارجي.,backend/apps/content/management/commands/seed_articles.py,متوسط,Editorial + Design,مفتوح — تقرير مراجعة
A12,P2,تباين,لون الرابط النشط في النافبار ضعيف على الخلفية الفاتحة,"الفحص المركّز قرأ Home بلون rgb(255,169,83) وحجم 15px؛ التباين التقريبي على الأبيض نحو 1.9:1، ويحتاج قياس الخلفية المركبة للقرار النهائي.",استخدام لون نص أغمق أو underline/indicator مع اللون، وفحص باقي حالات hover/focus.,4.5:1 للنص العادي و3:1 للنص الكبير وفق WCAG، واختبار حالة السكرول.,frontend/src/components/feature/Navbar.tsx,صغير,Design + Frontend,مفتوح — تقرير مراجعة
A13,P2,تنقل,النافبار الثابت مع قائمة الأقسام يستهلك مساحة ويخفي خيارات,PageSectionNav أعلى الصفحة عند112px وقائمة أفقية طويلة؛ تظهر عدة مسارات بقائمة طويلة للغاية.,تجميع الأقسام إلى 5–7 مراحل، مؤشر تقدم واضح، وقائمة مختصرة للموبايل.,القسم الحالي واضح؛ يمكن الوصول لكل الأقسام بالكيبورد والموبايل ولا يختفي العنوان وراء الثابت.,frontend/src/components/feature/PageSectionNav.tsx,متوسط,UX + Frontend,مفتوح — تقرير مراجعة
A14,P2,حالات فارغة,بيانات دعم وتقييمات غير متوفرة حاليًا,API: صفر coaches وصفر approved testimonials. يظهر No coaches are currently listed في الرئيسية. منظومة التقييمات نفسها تعمل.,عرض دعوة مناسبة للتقييم عند الحاجة؛ إخفاء سكشن المدربين الفارغ أو تقديم شرح خدمة الدعم دون أشخاص وهميين.,لا تبقى مساحة كبيرة برسالة تقنية؛ لا تنشر أسماء أو آراء غير معتمدة.,frontend/src/components/feature/CoachingSupport.tsx,صغير,Content + Frontend,مفتوح — تقرير مراجعة
A15,P2,إدارة الخبراء,الخبراء في القطاعات وبعض المسارات ثابتون رغم وجود CMS,صفحات السيكتورز تحتوي أسماء/وصفًا ثابتًا؛ الرئيسية وملفات mentors تستخدم API.,استخدام علاقات programme/sector إلى MentorProfile بدل تكرار السير النصية.,تعديل أو إخفاء خبير يسري على كل مواضع عرضه المعتمدة.,frontend/src/pages/operational-pcp-construction/page.tsx,متوسط,Backend + Frontend,مفتوح — تقرير مراجعة
A16,P2,تحرير المقالات,المحرر محدود للمحتوى البصري,ArticleBody يدعم فقرات وعناوين وروابط وقوائم وجداول بسيطة؛ Editor textarea مع preview. لا block للصور الداخلية أو caption أو رسوم.,محرر blocks مضبوط: text/image/caption/table/callout/chart؛ الحفاظ على عدم تنفيذ HTML غير موثوق.,محرر المحتوى يضيف صورة داخلية وجدولًا وملخصًا دون كتابة Markdown أو كود.,frontend/src/components/feature/ArticleBody.tsx,كبير,Frontend + Backend,مفتوح — تقرير مراجعة
A17,P2,مكتبة الوسائط,إدارة الوسائط غير مرتبطة باستخداماتها,MediaLibrary تعرض URL وalt وحذف؛ التحذير يذكر أن حذف الصورة قد يكسر صفحات تستخدمها. لا سجل استخدامات واضح.,MediaAsset موحد بعلاقات وفهرس استخدامات، focal point، crop، مصدر/حقوق وأحجام مشتقة.,منع حذف أصل مستخدم أو عرض الصفحات المتأثرة مع استبدال آمن.,frontend/src/dashboard/pages/MediaLibraryPage.tsx,متوسط,Backend + Frontend,مفتوح — تقرير مراجعة
A18,P2,إدارة ونشر,لا workflow موحد للمعاينة والإصدارات والتراجع,الـ CMS الحالي مجموعات CRUD؛ المقالات لها draft/preview محدود، لكن صفحات البرامج لا تدخل دورة نشر.,Draft → Review → Preview → Publish مع سجل تعديل وrollback وصلاحيات النشر.,استعادة إصدار سابق وتحديد من نشر ومتى دون تعديل قاعدة البيانات يدويًا.,frontend/src/dashboard/DashboardApp.tsx,كبير,Backend + Frontend,مفتوح — تقرير مراجعة
A19,P2,جلسات الإدارة,توكن الإدارة طويل الأجل في localStorage,cms_token محفوظ في localStorage؛ logout يحذفه محليًا فقط، ولا يظهر endpoint لإبطال التوكن. ليست واقعة اختراق مثبتة.,تقييم جلسة HttpOnly/CSRF أو صلاحية قصيرة مع rotation وإبطال؛ توثيق سياسة انتهاء الجلسة.,الخروج يبطل الاعتماد على الخادم، والجلسات المنتهية لا تبقى صالحة.,frontend/src/dashboard/api/client.ts,متوسط,Backend,مفتوح — تقرير مراجعة
A20,P2,صلاحيات,كل staff له نفس وصول API التحريري,IsDashboardUser يفحص authenticated وis_staff فقط، وليس editor/publisher/moderator.,أدوار أقل صلاحية: محرر، ناشر، مراجع تقييمات، مدير تكاملات، مدير نظام.,اختبارات تمنع محرر المقالات من تعديل مفاتيح Eventbrite أو اعتماد تقييمات دون صلاحية.,backend/apps/cms/permissions.py,متوسط,Backend,مفتوح — تقرير مراجعة
A21,P2,الداشبورد,قوائم الإدارة تحتاج تنظيمًا مع زيادة البيانات,Enquiries وArticles وعدة مجموعات تحمل قوائم كاملة؛ EventsManager يحوي نماذج أحداث طويلة وفلترة عميل.,بحث وفرز وفلاتر وحالات وpagination خادم؛ تعديل في drawer أو صفحة مستقلة بدل نماذج طويلة في القائمة.,سهولة العثور على سجل ومراجعته في بيانات اختبار كبيرة دون تحميل كل المحتوى.,frontend/src/dashboard/pages/EnquiriesPage.tsx,متوسط,UX + Backend,مفتوح — تقرير مراجعة
A22,P2,Eventbrite,المزامنة تحفظ عناوين قد تتعارض مع هوية الموقع,الأحداث الحالية تضم اسم KBC وبعض عناوين fully funded؛ عنوان الحدث المستورد محمي في المحرر. المصدر يجب أن يبقى أمينًا.,حقول عرض محلية اختيارية display_title/display_summary وصورة بديلة مع حفظ raw source وعدم استبداله.,المزامنة تحدث البيانات الأصلية دون مسح التعديلات التحريرية المحلية أو تضليل أصل الحدث.,frontend/src/dashboard/pages/EventsManager.tsx,متوسط,Business + Backend,مفتوح — تقرير مراجعة
A23,P2,تشغيل التكامل,جاهزية العامل والـ webhook على الإنتاج غير مثبتة,عامل run_event_sync_worker موجود مع durable jobs. لم تُراجع خدمة تشغيل إنتاج أو HTTPS webhook حقيقي أو تنبيه توقف.,تشغيل كخدمة مراقبة مع health/heartbeat وتنبيه فشل وإعادة محاولة ومراقبة آخر نجاح.,اختبار توقف/عودة العامل على staging وحدث تعديل/إلغاء من Eventbrite يصل خلال SLA متفق عليه.,backend/apps/content/management/commands/run_event_sync_worker.py,متوسط,Operations,مفتوح — تقرير مراجعة
A24,P2,SEO,sitemap ثابت ولا يشمل المقالات والأحداث المفردة,sitemap.xml يحتوي36 URL؛ لا /articles/slug أو /events/slug. تحديث السجلات لا يغيره.,sitemap مولد للمنشور العام فقط، مع lastmod حقيقي واستبعاد المخفي والمسودات.,نشر وإخفاء مقال/حدث يحدث sitemap بدون تعديل ملف يدوي.,frontend/public/sitemap.xml,متوسط,Backend,مفتوح — تقرير مراجعة
A25,P2,SEO ومشاركة,الميتا تُحدث بعد تشغيل React,SeoManager يحدّث العنوان والميتا في المتصفح؛ HTML الابتدائي مشترك. Google قد ينفذ JS لكن بعض أدوات المشاركة لا تفعل.,تقييم prerender/SSR للصفحات التسويقية والمقالات والأحداث؛ مراجعة HTTP404 على الاستضافة.,فاحص مشاركة يجلب عنوان/صورة كل صفحة من HTML الأولي، ومسار غير موجود يعيد404 من الخادم.,frontend/src/components/feature/SeoManager.tsx,كبير,Frontend + Operations,مفتوح — تقرير مراجعة
A26,P2,محتوى وبحث,مساران متوازيان للمقالات,Knowledge Hub ثابت بعشر صفحات موضوعية وArticles ديناميكي بعشرة سجلات، مع موضوعات متقاربة.,اعتماد المكتبة الديناميكية كمصدر أساسي وخطة نقل/redirect/canonical للقديم بعد مطابقة المحتوى.,لا تنافس صفحتين على الموضوع نفسه دون سبب تحريري، والروابط القديمة تستمر بالتحويل.,frontend/src/router/config.tsx,متوسط,Editorial + SEO,مفتوح — تقرير مراجعة
A27,P2,إمكانية الصيانة,نموذجان مختلفان للصفحات والأقسام في Django,content.Page/PageSection وcms.Page/Section موجودان، بينما React التسويقي لا يستخدم محرر الصفحات القديم.,تحديد نموذج واحد مستقبلًا وخطة ترحيل آمنة؛ عدم حذف بيانات قديمة قبل حصرها.,وثيقة ملكية لكل نوع محتوى، وعدم وجود شاشة تحرير توحي بنشر شيء لا يظهر.,backend/apps/cms/models.py,كبير,Architecture,مفتوح — تقرير مراجعة
A28,P2,توثيق وتشغيل,README يصف مرحلة أقدم وسلوك نشر غير مطابق,README العام يقول إن API سيضاف لاحقًا؛ backend README يصف عرض sections رغم أن ContentOwnership يعلن أنها غير متصلة.,تحديث runbook وملكية المحتوى، فصل manage.py عن run_local.py، وتوثيق backup/restore وبيئة staging.,عضو جديد يشغّل المشروع ويفهم ما يمكن تحريره وما لا يمكن دون معرفة شفوية.,README.md,صغير,Engineering,مفتوح — تقرير مراجعة
A29,P3,تحليلات,القياس موجود جزئيًا ويحتاج خطة نجاح,generate_lead وvirtual_page_view وبعض أحداث الأهلية موجودة؛ لم يتم التحقق من وجهة analytics أو conversion funnels في الإنتاج.,خريطة أحداث للمقارنة والأهلية وإكمال النماذج والحجز الخارجي؛ dashboard تحويلات دون بيانات حساسة.,يمكن قياس أين يخرج الزائر وأي تفاعل يؤدي لاستفسار مؤهل، مع منع تسريب بيانات شخصية.,frontend/src/services/enquiryApi.ts,متوسط,Product + Analytics,مفتوح — تقرير مراجعة
A30,P3,دخول الإدارة,تسمية Email لا تطابق عقد الدخول بوضوح,LoginPage يعرض Email لكنه يرسل username إلى DRF الافتراضي؛ قد يعمل إذا كانت أسماء المستخدمين بريدًا، ولم يتم تجربة اعتماد إداري حقيقي.,توضيح اسم مستخدم/بريد أو تطبيق تسجيل دخول بالبريد فعليًا، مع رسائل حالة شبكة مميزة.,اختبارات تغطي حسابًا باسم عادي وحسابًا بالبريد وفق السياسة المعتمدة.,frontend/src/dashboard/pages/LoginPage.tsx,صغير,Backend + Frontend,مفتوح — تقرير مراجعة
A31,P3,النماذج,طلب الاستشارة والتحديثات ليس حجزًا أو اشتراكًا آليًا,book-a-session يعرض نموذج طلب؛ Footer يوضح أن Request updates لا يفعّل mailing list. السلوك صادق لكن أسماء بعض CTAs قد توحي بأكثر منه.,توحيد CTA إلى Request consultation؛ إضافة جدولة أو mailing provider فقط عند اعتماد workflow الحقيقي.,بعد الإرسال يتلقى الزائر وصفًا مطابقًا لما حدث والخطوة التالية وموعد الرد المتفق عليه.,frontend/src/pages/book-a-session/page.tsx,صغير,Product + Content,مفتوح — تقرير مراجعة
A32,P2,أصول وأداء,الاعتماد على صور وخطوط خارجية يحتاج ضبطًا,صور مقالات وسيكتورز وبعض صفحات أقدم تعتمد مضيفين خارجيين؛ التحميل الأولي أظهر صورًا لم تكتمل ثم ظهرت في إعادة الفحص. ليس عطلًا دائمًا مثبتًا.,صور محلية/CDN مع srcset وsizes وأبعاد ثابتة وWebP/AVIF وميزانية حجم؛ خط self-hosted عند الملاءمة.,قياس LCP/CLS/INP على staging ثم بيانات ميدانية، لا الاعتماد على سرعة localhost.,frontend/src/pages/home/components/SectorPathways.tsx,متوسط,Frontend + Design,مفتوح — تقرير مراجعة
A33,P2,اختبارات وإتاحة,التغطية الحالية لا تثبت جودة كل التفاعلات,37 backend و5 journey اختبارات ناجحة واختبارات متصفح رئيسية ناجحة؛ لا فحص WCAG كامل أو تحميل/استرجاع نسخ أو قياسات CWV ميدانية.,إضافة keyboard/axe ومقارنة لقطات ومراقبة أداء، واختبارات تكامل على staging ومراجعة تبعيات Python.,بوابة إصدار تشمل الوظائف والمرئيات والإتاحة والأداء وليس build وحده.,frontend/scripts/project-audit-browser.mjs,متوسط,QA + Operations,مفتوح — تقرير مراجعة
